{"cameraMode":{"drawMode":0,"name":"Shaded","section":"Shading Mode"},"sceneLighting":false,"audioPlay":false,"sceneViewState":{"showFog":true,"showMaterialUpdate":false,"showSkybox":true,"showFlares":true,"showImageEffects":true,"showParticleSystems":true},"in2DMode":false,"pivot":{"x":-10.775279998779297,"y":0.6477756500244141,"z":14.686132431030274},"rotation":{"x":-0.11830776184797287,"y":0.8249828219413757,"z":-0.18778519332408906,"w":-0.5197535753250122},"size":60.05674743652344,"orthographic":false}